filename,file_size,file_attributes,region_count,region_id,region_shape_attributes,region_attributes
7221_270_235_nelore_embrapa_08-10-2019_flag_.png,269682,"{}",1,0,"{""name"":""polygon"",""all_points_x"":[187,212,234,262,286,308,330,355,382,431,444,464,486,497,519,531,535,541,554,564,576,591,602,611,626,628,630,637,640,632,627,619,608,598,589,574,559,546,525,510,495,474,460,454,409,356,333,306,269,237,226,208,196,188],""all_points_y"":[213,202,196,186,169,163,165,163,164,163,161,153,140,135,134,139,141,139,139,140,140,150,159,163,177,186,191,194,222,225,234,243,252,261,268,272,276,280,284,280,281,278,278,288,287,288,282,282,286,286,284,281,279,277]}","{}"
7193_388_273_nelore_embrapa_20-08-2019_flag_.png,237952,"{}",1,0,"{""name"":""polygon"",""all_points_x"":[197,223,245,274,293,304,338,365,386,422,444,468,481,501,515,528,542,554,568,573,594,617,636,644,642,642,647,644,641,633,621,611,601,562,509,469,411,306,283,254,227,204,195,187],""all_points_y"":[249,231,226,215,214,197,197,203,197,190,186,198,197,191,196,204,211,210,218,210,216,222,232,250,256,265,282,295,308,322,333,337,347,355,354,352,351,331,322,317,305,292,291,286]}","{}"
7181_408_592_nelore_embrapa_24-09-2019_flag_.png,279000,"{}",1,0,"{""name"":""polygon"",""all_points_x"":[33,27,52,58,58,65,76,78,71,76,94,114,132,152,171,214,260,288,302,322,339,346,377,413,442,479,512,532,532,524,502,481,464,453,432,406,374,359,343,319,291,262,239,204,168,156,136,103,68,39],""all_points_y"":[299,272,256,256,241,230,233,221,217,205,196,194,192,185,181,178,179,183,193,190,202,195,205,221,225,245,252,271,322,340,333,336,339,341,344,343,347,351,350,356,353,353,356,357,357,360,365,365,348,322]}","{}"
2540_310_93_nelore_embrapa_08-10-2019_flag_.png,253519,"{}",1,0,"{""name"":""polygon"",""all_points_x"":[321,339,349,359,373,393,408,420,431,452,476,511,539,556,563,574,594,607,629,640,649,666,694,709,722,735,756,771,773,794,798,800,789,778,768,756,744,729,713,698,686,676,657,629,611,585,562,530,504,472,446,419,397,376,362,347,330,319],""all_points_y"":[221,214,205,201,196,195,194,186,181,181,177,178,178,180,178,182,186,185,179,172,172,173,186,193,200,200,201,215,227,244,271,280,285,291,300,307,313,316,318,321,321,326,327,327,324,318,317,311,308,307,307,306,306,304,296,290,285,284]}","{}"
2540_310_49_nelore_embrapa_24-09-2019_flag_.png,286962,"{}",1,0,"{""name"":""polygon"",""all_points_x"":[262,285,306,311,321,339,360,380,401,422,452,487,510,544,598,622,645,678,689,703,704,705,715,718,721,717,709,702,693,686,672,660,652,619,579,528,497,479,431,391,349,304,294,276,262],""all_points_y"":[204,198,193,190,184,185,174,172,169,163,161,161,159,137,139,143,162,168,171,185,197,207,214,231,241,248,252,262,271,276,283,291,292,294,296,295,286,292,294,297,298,300,287,277,274]}","{}"
0081_296_282_nelore_embrapa_24-09-2019_flag_.png,277681,"{}",1,0,"{""name"":""polygon"",""all_points_x"":[356,381,392,397,409,422,429,432,448,463,496,508,514,526,541,550,571,591,606,615,622,643,661,678,695,716,743,754,768,774,786,795,801,813,820,813,808,804,790,777,762,750,721,691,676,643,618,595,559,522,482,462,425,404,384,369,352],""all_points_y"":[232,224,215,213,214,212,214,217,217,216,206,204,206,206,208,208,205,204,200,195,190,179,177,178,180,177,178,181,189,192,196,210,221,226,260,264,268,278,290,298,308,312,320,320,322,323,325,322,327,328,325,318,318,313,306,293,282]}","{}"
0077_376_82_nelore_embrapa_24-09-2019_flag_.png,284212,"{}",1,0,"{""name"":""polygon"",""all_points_x"":[31,51,67,88,105,129,177,256,292,328,351,372,383,401,415,437,468,483,505,533,544,561,576,585,585,592,585,577,563,551,549,543,537,514,496,449,404,381,350,315,268,233,192,151,120,90,45,37],""all_points_y"":[215,211,190,187,183,168,165,151,149,144,146,141,136,118,115,117,121,121,121,129,135,147,153,164,171,211,223,243,247,254,266,277,286,297,295,295,298,303,309,312,301,293,292,293,285,277,276,275]}","{}"
0076_332_123_nelore_embrapa_08-10-2019_flag_.png,282977,"{}",1,0,"{""name"":""polygon"",""all_points_x"":[312,328,335,346,359,368,380,416,454,492,524,543,565,595,601,618,647,664,680,690,701,728,751,759,766,768,771,778,778,774,771,769,763,754,739,730,713,694,668,645,614,599,575,542,524,498,463,446,426,391,364,342,323,307,296],""all_points_y"":[211,206,205,195,193,191,179,174,171,173,175,176,178,179,184,178,180,190,198,198,190,195,202,205,213,225,237,248,260,270,273,282,293,303,305,313,325,327,330,329,330,327,326,330,328,329,322,322,311,302,301,294,284,278,273]}","{}"
0072_342_48_nelore_embrapa_20-08-2019_flag_.png,240516,"{}",1,0,"{""name"":""polygon"",""all_points_x"":[226,238,262,291,325,351,365,379,393,408,428,448,475,486,505,521,533,549,573,592,609,619,633,649,658,663,659,665,665,662,655,643,626,606,593,585,551,543,528,499,456,443,415,375,350,308,283,255,217],""all_points_y"":[244,239,217,213,213,204,207,214,207,203,203,203,201,201,213,199,199,206,212,216,223,214,223,233,243,257,267,279,292,301,320,329,334,340,342,349,344,343,347,343,331,337,333,329,324,321,318,304,293]}","{}"
0070_370_393_nelore_embrapa_08-10-2019_flag_.png,257789,"{}",1,0,"{""name"":""polygon"",""all_points_x"":[177,189,218,245,278,299,329,352,401,446,472,492,508,527,555,579,640,658,670,669,669,679,675,665,655,638,630,606,587,570,549,520,496,459,418,385,345,299,269,245,218,195,183],""all_points_y"":[226,219,210,199,187,187,173,171,165,161,169,163,154,149,157,163,182,194,205,216,230,240,259,266,283,294,303,309,309,317,320,321,316,315,317,317,317,319,319,304,302,290,290]}","{}"
0068_390_227_nelore_embrapa_08-10-2019_flag_.png,282293,"{}",1,0,"{""name"":""polygon"",""all_points_x"":[346,358,369,387,397,412,418,441,476,506,545,583,630,651,676,688,701,720,728,745,761,776,785,803,807,804,812,815,805,800,794,782,773,755,736,707,675,629,617,595,552,526,489,464,441,424,381,362,349],""all_points_y"":[200,196,187,180,175,175,176,167,160,157,146,140,142,140,143,144,153,167,172,170,172,178,186,202,207,218,230,255,265,269,280,295,302,303,310,313,312,312,312,319,318,312,303,295,296,297,297,285,274]}","{}"
0065_314_150_nelore_embrapa_24-09-2019_flag_.png,279121,"{}",1,0,"{""name"":""polygon"",""all_points_x"":[302,313,324,328,342,351,366,375,395,413,459,484,509,523,544,565,594,619,643,666,683,696,716,731,732,739,741,733,731,726,718,709,697,694,683,671,656,639,627,615,605,595,569,553,550,538,506,467,437,406,373,344,323,309],""all_points_y"":[214,204,200,202,192,187,188,182,180,176,159,153,140,142,142,138,134,134,132,132,140,148,153,168,180,190,204,215,224,236,244,246,252,260,268,272,274,269,276,286,289,290,284,286,296,304,308,307,305,298,296,296,293,278]}","{}"
0065_314_18_nelore_embrapa_24-09-2019_flag_.png,266965,"{}",1,0,"{""name"":""polygon"",""all_points_x"":[60,68,84,102,114,125,139,152,167,189,219,231,264,298,309,319,334,340,360,382,400,426,450,462,464,464,468,476,477,459,444,438,426,406,381,360,332,292,261,218,167,131,86,63],""all_points_y"":[243,232,224,220,222,214,212,210,198,196,180,178,176,170,162,160,164,168,168,170,166,177,186,196,210,222,242,251,273,288,292,299,310,310,311,314,311,312,312,312,307,304,290,286]}","{}"
0061_350_157_nelore_embrapa_08-10-2019_flag_.png,282471,"{}",1,0,"{""name"":""polygon"",""all_points_x"":[202,233,255,267,280,298,311,332,366,395,423,450,471,490,494,509,521,540,556,574,589,604,616,627,640,657,663,677,684,696,707,715,721,734,736,731,738,734,738,734,731,725,723,715,703,690,685,677,666,659,656,637,611,596,553,508,468,425,395,367,337,316,283,248,218,210,201],""all_points_y"":[207,198,179,179,172,164,154,154,148,148,151,152,154,158,162,158,156,144,138,147,152,150,156,158,158,162,168,172,179,182,185,180,181,190,202,214,231,248,268,276,281,286,292,294,294,297,298,306,310,313,317,319,320,318,322,316,319,317,312,310,300,294,294,293,284,268,268]}","{}"
0058_384_27_nelore_embrapa_24-09-2019_flag_.png,291805,"{}",1,0,"{""name"":""polygon"",""all_points_x"":[238,261,276,295,317,322,342,364,402,424,438,464,500,540,555,554,561,569,580,591,607,625,634,637,650,667,670,682,707,727,739,754,763,767,780,780,769,765,764,757,741,724,708,677,659,637,613,585,565,527,501,478,445,413,391,371,339,304,269,234],""all_points_y"":[183,175,167,160,154,150,148,148,147,146,145,140,135,137,138,145,149,155,153,152,147,152,159,155,159,168,173,172,172,172,178,182,193,202,203,237,244,252,272,286,298,308,314,310,313,311,315,315,313,316,317,313,303,295,290,284,283,277,258,250]}","{}"
0057_410_346_nelore_embrapa_20-08-2019_flag_.png,266811,"{}",1,0,"{""name"":""polygon"",""all_points_x"":[205,240,259,273,279,288,316,329,356,370,380,390,392,411,443,463,483,510,529,532,538,548,559,572,587,600,619,648,653,667,679,685,691,699,689,682,677,668,661,655,648,623,605,598,557,540,507,483,462,415,371,339,300,265,242,222,200],""all_points_y"":[199,201,190,189,187,182,179,177,173,177,175,177,170,170,169,167,169,170,177,181,175,169,172,173,179,183,183,189,201,204,213,232,241,270,279,290,299,304,306,317,324,327,322,331,337,337,335,337,346,345,327,317,305,290,273,266,263]}","{}"
0057_410_343_nelore_embrapa_20-08-2019_flag_.png,255773,"{}",1,0,"{""name"":""polygon"",""all_points_x"":[147,168,179,204,211,220,233,241,250,261,280,306,318,332,346,371,401,420,440,481,506,540,568,588,601,613,620,635,646,646,653,659,655,648,634,613,604,582,566,553,552,528,504,476,459,440,409,361,334,320,298,284,253,233,216,195,173,156,144],""all_points_y"":[210,209,200,199,197,190,193,189,189,185,181,179,182,180,175,170,169,171,164,164,165,165,165,172,173,183,189,199,213,229,242,251,269,274,292,302,312,314,316,316,321,330,333,330,329,342,351,340,330,326,322,317,317,302,292,283,275,269,268]}","{}"
0057_350_94_nelore_embrapa_21-05-2019_flag_.png,271663,"{}",1,0,"{""name"":""polygon"",""all_points_x"":[280,301,310,317,327,337,348,356,366,372,380,390,403,415,424,431,445,460,474,481,491,499,515,526,541,558,570,577,584,598,609,617,623,629,636,644,644,650,660,667,681,692,700,708,715,722,729,735,739,744,747,743,736,732,731,720,709,705,696,676,667,653,646,642,638,628,608,596,587,573,555,551,546,538,526,496,491,483,475,472,463,453,447,443,435,429,421,421,415,409,404,396,388,376,363,353,343,335,328,322,315,306,299,289,281],""all_points_y"":[211,204,196,196,189,180,180,176,175,175,170,172,168,169,167,165,160,160,162,158,158,158,152,150,150,150,152,154,156,152,152,155,160,160,161,167,169,170,168,172,170,171,174,176,179,186,192,206,214,216,240,246,254,260,267,276,284,290,292,298,302,302,300,302,307,310,310,309,308,312,307,308,312,312,316,316,316,317,315,313,312,313,308,306,308,306,302,300,300,300,300,296,297,297,297,296,295,294,289,282,276,270,268,267,267]}","{}"
0056_294_113_nelore_embrapa_21-05-2019_flag_.png,238848,"{}",1,0,"{""name"":""polygon"",""all_points_x"":[220,234,245,259,272,277,283,295,298,304,309,319,320,337,355,369,389,410,430,437,455,457,461,475,495,505,520,550,564,579,593,606,614,622,629,635,642,641,638,644,651,647,645,644,638,630,624,616,609,600,599,594,580,572,557,547,528,510,490,481,466,464,451,445,442,435,415,392,375,358,345,325,286,254,235,216,201,203],""all_points_y"":[208,197,195,189,192,188,185,185,190,192,185,183,183,176,176,177,177,179,175,180,178,175,165,159,156,150,153,152,152,152,152,155,162,165,170,178,187,197,200,203,227,237,239,246,258,264,272,280,283,282,285,291,292,293,295,295,297,297,297,292,287,291,291,291,296,297,297,298,298,295,293,292,292,289,282,268,264,207]}","{}"
0054_342_46_nelore_embrapa_21-05-2019_flag_.png,262632,"{}",1,0,"{""name"":""polygon"",""all_points_x"":[152,166,176,179,188,197,199,211,226,241,255,266,278,292,304,307,314,326,330,333,344,362,371,394,402,409,418,424,434,443,461,478,488,495,498,504,508,519,520,529,539,554,568,581,588,587,587,600,603,598,593,583,571,563,558,553,543,534,526,515,502,498,494,485,473,455,423,388,375,351,339,333,316,303,291,279,249,242,229,211,193,178,161,155,148],""all_points_y"":[220,214,210,203,204,203,198,192,190,186,186,191,188,185,183,185,183,184,185,178,176,174,177,172,170,172,180,186,180,176,175,173,174,179,182,179,171,170,172,172,173,173,177,195,215,225,234,243,247,290,295,294,293,294,293,299,302,303,305,306,308,308,311,313,309,306,305,306,310,308,308,305,303,303,297,300,299,298,298,287,276,272,261,258,256]}","{}"
0053_388_112_nelore_embrapa_08-10-2019_flag_.png,288149,"{}",1,0,"{""name"":""polygon"",""all_points_x"":[256,282,293,303,317,329,338,354,365,374,380,391,404,424,436,451,471,475,481,493,500,501,506,512,523,542,568,578,598,609,628,641,647,665,672,686,698,704,715,719,732,746,756,758,760,758,766,774,774,774,776,781,781,779,776,769,763,753,748,742,736,734,729,723,716,708,704,699,685,680,673,659,645,624,615,601,577,563,546,516,498,476,463,452,440,426,404,392,371,339,318,300,286,275,263,250],""all_points_y"":[229,223,225,220,210,205,210,208,205,195,193,193,188,190,188,187,186,185,183,184,186,190,191,188,184,181,174,174,166,163,161,161,160,167,173,168,169,168,170,174,177,176,182,188,195,202,210,227,235,237,242,248,255,261,271,278,282,288,292,295,295,293,297,307,311,315,315,319,322,321,326,334,337,337,335,336,337,335,337,340,339,339,339,338,332,333,325,324,323,324,318,318,313,311,308,303]}","{}"
0053_326_35_nelore_embrapa_21-05-2019_flag_.png,277258,"{}",1,0,"{""name"":""polygon"",""all_points_x"":[311,326,345,354,357,366,376,386,394,401,407,413,431,440,461,472,495,516,526,530,545,560,595,598,603,623,631,638,647,655,657,661,673,679,683,687,698,703,714,723,728,731,737,748,759,761,762,758,765,764,761,757,756,757,756,753,749,744,731,724,714,701,698,690,684,635,631,623,617,604,592,586,583,575,567,562,556,550,542,538,532,524,515,497,477,462,453,441,426,413,409,401,391,380,365,347,330,309,305],""all_points_y"":[186,185,170,171,167,164,164,158,155,153,153,154,146,144,145,147,144,143,143,145,142,141,140,142,142,140,140,142,142,144,146,147,148,150,152,155,154,151,154,160,164,169,174,174,181,187,195,204,214,228,236,240,245,249,256,260,264,270,274,276,279,282,282,286,288,288,290,291,289,286,286,285,286,288,288,289,290,292,292,290,291,292,290,291,288,286,286,281,274,270,268,269,270,268,264,262,253,248,243]}","{}"
0052_324_245_nelore_embrapa_21-05-2019_flag_.png,260154,"{}",1,0,"{""name"":""polygon"",""all_points_x"":[361,375,390,391,406,416,423,429,436,441,447,456,468,479,487,493,500,510,519,541,565,587,599,604,633,642,651,668,676,685,701,706,712,717,727,729,739,743,759,779,793,796,797,806,805,794,790,786,782,778,772,761,759,753,746,740,729,718,705,697,692,687,675,663,651,635,618,609,594,569,538,514,493,475,447,403,381,369,352],""all_points_y"":[205,198,194,184,182,186,178,181,182,183,179,178,180,177,174,178,178,169,167,164,162,160,161,167,166,162,160,161,154,150,162,166,166,162,164,168,163,160,169,183,190,196,206,218,241,250,254,262,268,272,276,280,280,290,292,294,293,296,292,294,294,298,299,299,299,299,300,301,306,305,306,304,304,300,293,278,268,261,255]}","{}"
0051_340_434_nelore_embrapa_08-10-2019_flag_.png,281853,"{}",1,0,"{""name"":""polygon"",""all_points_x"":[245,253,257,271,288,294,294,299,311,322,329,339,347,361,379,401,423,437,474,508,581,589,620,663,685,707,726,745,753,759,751,764,779,780,777,768,760,747,739,726,716,706,695,684,663,647,627,616,597,574,558,551,548,541,533,512,477,423,384,354,333,304,272,253],""all_points_y"":[249,244,235,232,232,228,222,216,218,214,212,211,212,206,194,184,174,169,161,154,135,135,136,136,136,146,158,162,178,186,193,202,214,222,230,240,250,263,269,268,274,280,288,292,294,294,295,302,308,308,295,296,301,308,314,314,316,316,315,318,314,308,286,290]}","{}"
0050_358_381_nelore_embrapa_24-09-2019_flag_.png,278353,"{}",1,0,"{""name"":""polygon"",""all_points_x"":[165,185,205,222,227,237,250,258,269,279,288,293,311,316,336,346,364,372,378,383,403,424,430,441,458,471,481,496,510,543,561,576,595,608,624,659,672,677,677,667,657,649,645,631,615,596,581,549,503,471,449,415,383,342,300,253,234,227,217,214,202,186,171,160],""all_points_y"":[227,214,208,212,216,206,199,195,196,200,203,206,206,201,202,190,190,194,192,185,188,193,186,184,186,190,190,182,184,189,187,190,191,194,207,226,236,252,266,280,292,302,312,321,328,332,338,342,340,340,329,330,327,325,322,320,313,308,304,299,294,290,287,283]}","{}"
0049_402_316_nelore_embrapa_20-08-2019_flag_.png,260001,"{}",1,0,"{""name"":""polygon"",""all_points_x"":[203,214,217,229,237,248,261,273,295,308,317,327,337,355,371,394,423,460,468,481,499,535,553,561,570,581,583,599,610,618,622,630,637,644,654,661,676,685,688,687,684,697,699,691,682,672,670,655,647,644,635,628,623,610,592,544,515,513,499,483,479,468,455,445,427,411,394,374,365,340,322,296,292,283,276,269,258,244,228,218,203,200,194,199],""all_points_y"":[232,230,225,225,218,209,204,201,200,200,196,200,198,194,189,190,186,185,180,175,180,192,192,186,188,195,198,202,200,204,204,206,208,210,217,222,230,240,248,260,270,280,305,314,317,326,332,342,340,348,352,352,356,358,356,358,357,352,352,345,336,330,334,340,336,336,336,335,332,326,324,322,317,317,315,308,304,298,292,288,284,280,278,255]}","{}"
0049_402_313_nelore_embrapa_20-08-2019_flag_.png,257642,"{}",1,0,"{""name"":""polygon"",""all_points_x"":[242,253,269,281,295,330,340,345,356,369,381,399,424,436,448,465,487,502,525,544,576,581,590,599,620,633,648,656,670,684,704,726,740,747,746,742,745,753,756,754,746,733,730,727,721,710,698,686,674,667,658,650,637,625,610,600,593,572,560,545,528,523,520,511,486,453,438,420,411,386,370,340,320,310,291,270,254,234],""all_points_y"":[230,230,222,215,203,195,198,196,198,198,202,197,195,187,186,182,182,184,178,179,190,192,192,188,192,194,206,209,208,210,216,232,244,262,267,274,278,284,303,312,324,326,330,339,344,342,347,352,352,354,355,352,353,352,351,350,354,358,353,344,336,335,338,340,338,337,335,333,329,329,324,324,318,306,299,290,280,274]}","{}"
0047_366_447_nelore_embrapa_20-08-2019_flag_.png,257949,"{}",1,0,"{""name"":""polygon"",""all_points_x"":[319,330,348,368,382,400,417,453,468,477,499,515,544,564,572,585,593,604,619,637,645,657,668,677,686,694,705,712,727,757,773,791,796,792,788,787,799,806,806,803,780,767,755,745,741,728,710,682,661,647,630,608,584,566,533,504,488,479,455,438,413,381,354,343,335,320,308,299],""all_points_y"":[262,262,258,256,247,241,244,245,250,240,230,220,224,231,235,232,229,220,214,209,206,212,216,212,216,218,218,210,212,219,224,232,241,250,262,266,274,288,297,306,328,330,334,342,344,342,344,357,364,370,372,370,370,366,368,366,367,370,368,364,360,360,361,350,338,328,324,321]}","{}"
0046_364_147_nelore_embrapa_24-09-2019_flag_.png,283152,"{}",1,0,"{""name"":""polygon"",""all_points_x"":[261,265,273,277,290,303,313,321,338,358,394,415,430,452,493,529,547,555,570,582,603,616,629,652,674,690,709,722,722,719,728,731,720,718,714,697,686,669,651,642,630,612,597,582,569,540,534,510,495,487,469,452,420,391,369,358,344,319,298,283,271,261],""all_points_y"":[251,242,238,228,218,210,214,207,211,204,188,184,172,162,152,152,134,126,128,124,126,130,127,129,130,142,156,173,183,189,190,226,228,231,244,258,267,274,276,276,284,292,296,297,300,298,302,304,304,306,305,309,308,306,306,306,312,302,291,278,274,262]}","{}"
0045_348_765_nelore_embrapa_20-08-2019_flag_.png,240477,"{}",1,0,"{""name"":""polygon"",""all_points_x"":[376,393,395,398,408,427,444,460,470,488,514,525,548,588,619,649,676,680,701,704,714,726,736,747,755,772,783,801,824,829,842,848,842,837,843,845,846,846,838,832,826,803,765,750,744,734,726,714,691,669,655,647,630,616,589,561,527,505,478,451,436,410,392,381,372],""all_points_y"":[230,220,218,208,200,196,180,177,180,172,171,169,164,164,162,158,162,165,165,161,162,170,176,167,166,168,172,176,185,191,198,208,224,223,229,242,252,254,264,276,284,297,308,309,309,308,312,315,317,318,316,304,306,314,314,314,314,310,306,303,304,302,293,279,273]}","{}"
0042_392_94_nelore_embrapa_24-09-2019_flag_.png,279838,"{}",1,0,"{""name"":""polygon"",""all_points_x"":[55,63,78,95,113,125,134,147,150,159,161,163,166,179,188,207,221,246,264,283,306,327,358,383,401,422,446,455,466,478,481,492,501,515,523,547,557,561,558,564,567,562,558,551,534,523,513,508,485,451,421,396,356,316,276,242,196,180,155,132,122,96,71,52],""all_points_y"":[239,236,232,216,206,204,208,204,200,211,215,210,202,202,204,204,192,191,182,170,170,163,162,159,156,158,160,165,166,172,178,176,180,178,179,196,208,218,226,233,261,265,278,293,310,320,322,326,329,329,326,330,329,326,326,320,320,318,314,304,298,293,285,272]}","{}"
0042_392_87_nelore_embrapa_24-09-2019_flag_.png,284350,"{}",1,0,"{""name"":""polygon"",""all_points_x"":[197,213,225,243,251,257,268,283,296,311,321,328,345,363,374,382,418,455,483,508,521,543,557,568,579,589,594,600,610,616,622,634,642,650,657,661,670,682,706,717,721,722,719,727,727,719,722,719,711,703,699,689,680,667,653,642,628,610,588,578,563,544,528,515,504,481,474,467,453,438,426,405,378,364,344,336,310,285,265,251,236,226,213,202],""all_points_y"":[232,226,225,224,218,208,204,206,205,204,206,202,196,194,192,180,186,183,182,180,179,177,169,165,170,174,174,169,168,170,168,168,174,176,176,176,174,178,194,204,212,222,226,236,256,264,274,282,293,295,296,305,314,318,317,322,322,322,324,326,329,325,318,320,321,322,322,322,326,322,322,323,323,316,316,312,313,312,304,294,286,279,282,282]}","{}"
0040_382_458_nelore_embrapa_24-09-2019_flag_.png,277567,"{}",1,0,"{""name"":""polygon"",""all_points_x"":[246,265,277,289,298,309,317,330,339,349,361,366,372,376,384,414,441,446,462,478,489,498,503,510,525,537,548,559,567,582,592,596,603,618,625,639,650,652,659,674,686,693,694,696,704,703,700,702,703,700,695,686,680,668,659,651,634,606,589,561,517,465,426,385,354,320,304,284,267,254,242],""all_points_y"":[216,210,210,200,201,196,196,187,187,182,184,190,190,182,180,176,172,176,176,178,176,179,178,172,171,169,156,152,152,158,162,164,160,160,160,158,164,166,168,174,180,186,196,202,204,232,236,241,244,252,264,274,280,288,289,296,298,300,299,302,302,306,306,302,298,299,298,286,274,274,274]}","{}"
0040_364_156_nelore_embrapa_20-08-2019_flag_.png,249618,"{}",1,0,"{""name"":""polygon"",""all_points_x"":[99,112,121,131,145,161,170,192,212,220,223,232,235,249,257,275,291,325,334,349,366,380,403,416,429,444,453,468,487,491,505,529,546,555,571,578,587,595,601,605,605,600,599,606,605,596,597,601,597,592,585,578,569,562,546,524,515,508,501,494,466,451,433,419,387,359,338,327,313,295,276,250,213,193,172,155,144,135,117,109,96],""all_points_y"":[206,196,194,190,189,183,178,178,180,178,187,184,177,176,174,170,172,164,164,160,159,154,154,154,148,144,144,142,145,150,150,151,158,160,168,176,176,177,184,196,207,214,220,231,242,247,253,263,272,280,286,286,293,298,299,296,298,302,306,311,312,311,306,308,309,306,298,300,302,296,296,298,292,286,278,270,260,258,258,255,246]}","{}"
0040_364_147_nelore_embrapa_20-08-2019_flag_.png,252284,"{}",1,0,"{""name"":""polygon"",""all_points_x"":[238,256,261,273,281,294,312,318,333,347,368,375,383,393,395,406,414,426,440,462,485,509,544,548,559,572,592,610,618,624,627,645,654,666,678,689,699,710,720,727,729,727,734,737,738,732,728,728,725,718,709,702,690,678,670,656,648,639,628,614,605,589,569,555,536,519,494,464,423,393,369,351,335,331,320,311,292,269,254,240,235],""all_points_y"":[214,203,193,189,176,174,170,175,167,164,164,164,157,157,161,158,156,154,146,144,142,140,144,135,130,126,124,124,132,130,125,125,133,132,142,152,158,163,166,170,182,186,196,206,221,224,232,240,246,257,262,266,272,278,282,281,283,286,289,293,294,298,296,290,286,286,291,290,292,294,294,299,298,296,296,293,284,270,262,264,262]}","{}"
0039_330_101_nelore_embrapa_08-10-2019_flag_.png,268231,"{}",1,0,"{""name"":""polygon"",""all_points_x"":[168,182,190,196,209,218,232,250,265,276,287,309,318,328,343,357,368,378,389,392,404,418,429,435,443,446,450,456,463,472,482,492,501,505,515,532,534,545,549,557,567,577,584,596,619,626,631,636,644,640,638,637,634,630,627,622,618,613,609,600,596,592,586,580,575,563,542,533,521,510,503,484,466,443,430,399,366,340,316,280,270,256,240,228,220,199,183,168],""all_points_y"":[260,256,253,252,240,232,230,224,220,212,211,206,210,212,211,211,204,202,202,206,204,204,204,203,201,196,196,196,192,187,184,182,184,186,185,180,184,174,172,172,172,178,180,182,194,203,214,222,232,244,250,260,274,282,290,296,301,306,310,315,316,320,322,322,324,326,326,329,331,334,336,336,335,328,331,332,331,329,328,326,320,322,318,315,314,311,305,296]}","{}"
0039_328_127_nelore_embrapa_24-09-2019_flag_.png,285939,"{}",1,0,"{""name"":""polygon"",""all_points_x"":[181,196,202,207,215,229,231,238,245,249,257,264,276,289,292,300,309,318,328,334,346,357,363,367,373,382,388,392,400,407,414,419,426,434,447,457,469,480,486,498,509,520,524,530,540,552,570,605,614,625,628,639,645,636,638,636,631,624,620,622,616,607,594,587,580,570,557,548,541,529,520,506,482,433,354,343,336,328,321,310,304,291,283,279,267,264,257,247,240,230,221,217,210,199,193],""all_points_y"":[236,226,222,215,214,212,216,212,211,209,206,202,196,192,195,192,183,178,178,174,171,164,164,157,154,154,155,153,153,154,152,150,145,146,144,141,133,126,124,124,126,128,130,126,123,122,128,140,148,160,170,174,202,208,218,228,238,244,246,254,262,269,272,276,278,280,279,278,286,285,290,292,292,292,292,292,288,288,290,288,290,294,295,298,298,300,301,296,294,288,284,284,286,285,286]}","{}"
0039_328_68_nelore_embrapa_24-09-2019_flag_.png,282511,"{}",1,0,"{""name"":""polygon"",""all_points_x"":[110,134,143,154,164,175,187,199,211,224,238,247,264,276,293,301,309,320,330,342,352,363,389,396,402,415,428,435,448,460,468,481,493,508,525,559,571,579,586,580,584,579,573,558,555,556,547,536,525,511,504,497,487,477,467,447,423,401,384,368,331,292,255,223,192,170,146,133,119,105],""all_points_y"":[268,266,261,249,247,248,246,246,236,232,234,238,234,234,230,230,223,220,225,222,217,219,208,206,200,196,196,198,194,194,194,190,185,178,172,186,208,208,237,246,256,267,278,290,296,306,315,316,321,326,326,332,334,336,342,346,346,347,346,352,351,350,348,350,343,337,334,324,317,318]}","{}"
0039_328_62_nelore_embrapa_24-09-2019_flag_.png,282661,"{}",1,0,"{""name"":""polygon"",""all_points_x"":[168,178,188,194,202,213,220,230,239,250,257,265,273,286,291,300,302,306,318,325,333,335,340,346,352,359,370,386,391,404,426,434,442,453,463,474,493,510,516,527,533,543,554,580,596,603,613,624,629,637,631,624,630,631,628,624,619,612,606,601,598,592,585,582,576,568,559,546,534,525,514,502,491,466,456,443,433,426,341,331,320,305,291,280,272,256,234,219,211,209,197,185,174,165,161,156],""all_points_y"":[259,249,242,237,234,232,236,234,232,226,226,216,216,210,208,214,218,217,214,213,207,206,208,212,212,206,204,206,212,213,206,206,198,195,190,190,190,190,192,192,191,182,178,178,186,190,198,208,210,231,238,251,260,266,273,279,286,294,298,301,304,310,320,321,324,325,324,326,330,334,335,336,340,339,338,338,339,341,340,338,338,334,330,330,328,329,328,328,324,321,320,316,315,312,310,306]}","{}"
0039_326_439_nelore_embrapa_20-08-2019_flag_.png,256690,"{}",1,0,"{""name"":""polygon"",""all_points_x"":[224,242,245,251,260,271,283,297,308,314,323,332,341,359,374,384,415,438,454,482,497,518,539,567,580,599,608,631,648,666,674,685,696,707,711,708,716,716,711,706,698,689,676,666,654,641,629,600,565,538,521,508,494,469,442,414,372,367,360,340,323,312,294,283,265,245,230],""all_points_y"":[234,222,214,209,208,210,199,190,184,186,180,175,177,171,166,162,159,148,146,144,140,142,140,126,128,130,132,129,130,130,140,152,156,166,178,182,189,217,222,238,249,254,266,272,277,278,280,280,280,274,271,276,279,282,282,288,284,285,294,298,298,298,293,286,285,284,282]}","{}"
0038_292_60_nelore_embrapa_21-05-2019_flag_.png,208864,"{}",1,0,"{""name"":""polygon"",""all_points_x"":[224,245,255,261,274,290,302,312,321,323,334,338,355,364,378,387,399,408,419,429,436,455,459,470,478,486,496,504,519,534,547,556,562,571,575,586,621,630,632,651,681,691,698,691,683,686,684,678,672,663,656,644,640,632,626,612,593,569,560,556,536,521,484,469,461,442,428,409,376,363,352,331,295,282,268,254,241,229,224],""all_points_y"":[253,232,228,218,214,203,205,211,209,206,204,203,202,203,196,189,190,192,192,196,191,188,196,193,189,192,194,192,186,178,172,168,172,170,170,168,180,188,194,199,211,222,240,251,260,269,277,284,288,292,292,306,311,315,318,318,318,318,320,318,315,314,314,308,316,311,310,308,304,302,298,300,300,294,288,284,282,278,278]}","{}"
8205_346_112_nelore_embrapa_21-05-2019_flag_.png,254680,"{}",1,0,"{""name"":""polygon"",""all_points_x"":[305,325,338,356,361,390,397,410,430,439,443,458,485,501,510,528,541,547,565,580,596,609,624,636,643,652,663,673,680,687,694,695,710,724,737,744,752,765,777,781,786,785,793,795,799,794,786,783,777,769,762,752,745,734,730,725,715,707,696,690,684,678,665,643,630,620,609,599,593,582,570,557,539,518,507,483,473,467,454,436,420,408,387,376,367,353,340,325,313],""all_points_y"":[237,232,225,217,208,195,199,192,192,199,192,183,177,172,177,169,168,172,167,164,165,170,172,177,180,173,165,165,167,167,173,177,176,174,175,176,181,192,199,205,210,219,226,230,250,257,265,273,283,287,292,298,304,309,308,313,314,315,316,325,329,331,330,330,329,329,328,322,323,325,328,333,335,332,330,324,320,320,320,310,305,303,305,302,298,288,285,275,267]}","{}"
8194_296_97_nelore_embrapa_21-05-2019_flag_.png,232626,"{}",1,0,"{""name"":""polygon"",""all_points_x"":[105,110,122,124,130,136,149,154,157,169,179,190,206,229,249,265,276,284,287,296,312,318,328,336,339,345,347,352,360,379,384,390,390,419,432,439,449,462,474,484,495,505,509,516,528,530,534,539,537,538,535,529,507,490,476,465,458,454,449,442,434,427,419,416,411,409,382,357,332,306,244,191,156,129,112],""all_points_y"":[241,235,235,231,230,230,223,222,220,202,195,192,186,183,183,180,183,182,178,177,178,183,177,171,160,162,157,152,152,152,153,152,150,150,147,143,142,143,144,146,152,160,166,171,177,183,191,202,213,217,223,232,260,273,278,279,282,283,287,288,290,293,295,299,303,306,303,298,297,295,293,295,294,285,277]}","{}"
8163_350_162_nelore_embrapa_21-05-2019_flag_.png,262621,"{}",1,0,"{""name"":""polygon"",""all_points_x"":[280,290,300,315,320,327,337,345,352,359,375,388,396,408,412,420,429,437,444,457,465,469,482,500,510,517,530,565,587,597,602,616,627,637,644,648,654,665,677,677,679,689,695,705,720,733,752,757,761,766,770,770,767,762,763,764,761,760,754,743,731,720,711,677,657,640,623,611,606,570,530,501,476,459,427,404,381,374,361,342,328,310,292,279,276],""all_points_y"":[276,267,262,257,253,239,233,232,235,235,229,222,225,229,230,226,220,220,215,210,215,218,220,215,216,210,213,210,207,197,193,190,192,192,193,192,190,193,198,197,195,195,195,197,200,207,218,225,235,242,250,256,263,269,275,282,289,295,304,315,318,328,338,345,350,353,356,358,364,358,362,360,359,365,363,358,350,347,348,341,331,317,312,296,283]}","{}"
7214_264_117_nelore_embrapa_21-05-2019_flag_.png,237195,"{}",1,0,"{""name"":""polygon"",""all_points_x"":[284,302,313,325,331,348,354,357,365,367,400,421,427,435,444,454,460,462,472,477,484,494,501,529,533,535,543,552,555,567,580,592,607,628,643,654,669,682,690,697,703,698,705,700,690,689,688,684,664,647,620,607,605,582,570,562,540,529,516,495,487,472,462,450,447,420,387,385,360,347,327,302,287,272],""all_points_y"":[172,167,168,160,158,158,161,160,158,165,167,167,169,169,168,170,171,174,175,174,172,175,178,189,194,199,199,204,205,200,200,194,201,211,211,216,223,239,246,253,260,270,283,298,307,314,321,329,334,336,337,331,336,338,338,333,327,322,324,324,320,315,310,309,305,296,285,283,283,275,270,247,238,235]}","{}"
0081_296_76_nelore_embrapa_24-09-2019_flag_.png,285798,"{}",1,0,"{""name"":""polygon"",""all_points_x"":[279,289,299,315,329,343,357,364,379,396,420,439,459,478,494,506,534,547,565,580,597,609,621,627,635,643,658,673,687,703,712,725,731,735,731,727,739,745,737,737,730,718,712,697,687,669,665,644,620,600,572,544,514,487,432,390,352,324,309,287,274],""all_points_y"":[208,205,206,197,191,194,190,188,185,183,183,168,164,155,157,163,164,164,157,152,151,151,149,149,150,155,147,148,157,165,170,175,182,190,202,207,208,240,245,256,266,273,278,290,298,299,299,302,302,302,302,295,297,298,301,300,297,286,277,270,268]}","{}"
0081_292_167_nelore_embrapa_20-08-2019_flag_.png,230305,"{}",1,0,"{""name"":""polygon"",""all_points_x"":[277,284,305,320,354,360,372,385,399,411,429,436,448,462,475,490,500,514,517,542,555,568,579,595,609,635,650,666,676,694,705,715,707,705,704,702,696,684,670,657,650,636,608,599,582,539,527,513,489,467,453,422,400,367,330,307,292,284],""all_points_y"":[230,214,196,185,189,193,189,183,177,175,170,171,164,164,159,161,162,158,150,140,133,136,134,135,135,134,134,140,152,157,159,192,204,212,223,231,240,250,262,265,273,280,278,273,275,283,281,287,293,292,298,298,293,295,288,267,252,247]}","{}"
0077_382_268_nelore_embrapa_08-10-2019_flag_.png,270503,"{}",1,0,"{""name"":""polygon"",""all_points_x"":[131,142,154,162,174,185,200,214,225,234,251,261,289,302,319,330,351,372,392,399,411,424,434,456,470,482,504,527,530,547,562,583,594,610,626,633,644,655,664,664,669,671,670,666,670,666,659,649,639,617,605,591,566,557,547,523,502,474,451,457,447,420,320,262,225,199,179,160,142,126,119],""all_points_y"":[239,232,227,226,222,215,205,198,191,188,188,192,191,192,185,190,197,194,199,200,193,190,189,186,167,158,155,154,157,155,153,151,153,158,168,172,175,178,191,202,210,224,235,241,247,256,272,281,288,312,316,320,322,323,327,332,333,323,315,323,330,335,327,321,322,309,302,298,303,295,286]}","{}"
0077_382_260_nelore_embrapa_08-10-2019_flag_.png,280555,"{}",1,0,"{""name"":""polygon"",""all_points_x"":[242,254,271,285,298,319,340,364,375,392,403,412,429,439,450,462,467,484,505,533,548,567,579,589,602,619,635,649,660,678,692,712,720,729,733,743,746,756,760,768,774,777,784,788,790,782,776,779,773,762,751,742,737,732,720,682,650,612,560,532,507,465,430,392,372,331,304,282,269,253,235,228],""all_points_y"":[233,227,223,219,207,192,185,194,192,196,197,192,195,195,190,187,188,185,190,194,195,189,184,177,167,171,180,181,180,175,170,172,178,187,192,192,195,193,196,202,214,222,228,245,259,265,272,280,293,304,310,317,322,329,332,340,343,345,343,339,342,338,333,325,316,317,316,310,303,298,292,285]}","{}"
0077_376_84_nelore_embrapa_24-09-2019_flag_.png,283850,"{}",1,0,"{""name"":""polygon"",""all_points_x"":[32,44,52,61,78,93,119,132,141,164,192,226,285,296,309,319,342,365,379,397,417,429,441,452,469,485,509,531,547,556,565,569,580,590,594,610,614,600,599,590,576,576,569,554,557,547,531,505,484,432,410,395,379,332,300,262,234,192,162,132,111,92,67,50,39,37],""all_points_y"":[218,212,211,205,197,189,185,182,170,165,158,153,149,145,137,140,137,131,143,135,118,117,119,123,121,123,123,124,130,140,145,148,155,168,178,178,210,215,223,239,241,247,256,268,280,286,294,297,295,300,303,304,309,309,304,294,291,288,291,286,280,274,276,275,267,263]}","{}"
0068_390_247_nelore_embrapa_08-10-2019_flag_.png,281683,"{}",1,0,"{""name"":""polygon"",""all_points_x"":[30,39,57,69,94,107,119,136,152,165,179,184,188,196,212,230,259,289,326,367,382,389,407,425,440,476,488,501,514,525,533,542,545,548,558,560,553,553,547,535,517,503,487,463,430,405,379,350,319,269,240,232,197,156,127,107,93,82,69,42,38],""all_points_y"":[230,220,215,212,212,204,199,195,190,186,182,185,180,176,172,173,169,166,163,162,164,166,162,163,165,162,161,164,168,175,178,187,197,205,220,243,250,265,284,295,312,317,320,322,323,322,326,330,333,323,313,307,300,301,300,297,291,283,277,277,276]}","{}"
0068_390_235_nelore_embrapa_08-10-2019_flag_.png,284921,"{}",1,0,"{""name"":""polygon"",""all_points_x"":[220,234,250,262,275,293,310,335,358,373,399,417,436,465,489,525,577,592,609,615,626,643,659,688,707,707,704,717,719,712,706,699,690,672,649,610,568,529,500,487,459,425,394,364,319,292,267,247,232,225],""all_points_y"":[207,200,192,186,185,170,164,167,164,163,152,148,148,148,148,145,142,150,158,159,161,165,169,183,197,213,218,239,251,262,270,279,292,302,312,318,319,319,318,313,310,307,295,295,296,284,273,269,268,268]}","{}"
0068_390_226_nelore_embrapa_08-10-2019_flag_.png,285927,"{}",1,0,"{""name"":""polygon"",""all_points_x"":[345,359,378,390,401,416,449,480,517,567,604,642,682,702,716,728,742,759,774,792,816,813,824,824,817,808,801,793,777,762,749,689,667,612,597,566,550,527,487,472,398,372,357,345],""all_points_y"":[203,197,187,180,175,168,165,162,157,153,148,150,143,148,158,167,166,172,176,183,204,218,238,252,261,271,282,291,298,305,313,313,310,313,318,316,312,314,300,297,296,287,272,273]}","{}"
0065_310_89_nelore_embrapa_20-08-2019_flag_.png,239706,"{}",1,0,"{""name"":""polygon"",""all_points_x"":[338,352,370,387,402,412,424,431,449,467,496,510,520,533,542,557,572,584,598,614,620,642,655,670,691,696,705,720,729,737,760,763,765,779,788,786,776,767,750,734,727,710,686,656,616,569,530,516,498,479,470,455,447,429,409,389,362,343,334],""all_points_y"":[207,208,194,185,183,189,192,178,172,169,168,173,172,168,174,171,166,169,171,180,185,180,178,185,201,194,192,198,204,209,223,233,242,249,257,270,282,297,306,313,319,322,321,322,320,320,321,319,310,307,306,299,294,285,283,279,278,270,254]}","{}"
0065_310_83_nelore_embrapa_20-08-2019_flag_.png,230250,"{}",1,0,"{""name"":""polygon"",""all_points_x"":[262,280,285,293,300,305,315,327,337,340,355,361,374,387,391,395,409,427,472,514,540,566,594,603,614,634,643,660,676,688,694,693,704,710,710,709,700,691,682,669,652,633,622,597,563,508,469,434,400,367,337,290,265,251],""all_points_y"":[225,223,212,210,208,205,205,204,205,201,195,188,187,185,190,189,185,187,178,174,175,170,174,177,175,181,188,189,188,201,213,220,225,233,241,254,263,281,287,293,302,313,323,320,322,321,325,320,312,300,290,287,274,267]}","{}"
0065_292_278_nelore_embrapa_21-05-2019_flag_.png,226381,"{}",1,0,"{""name"":""polygon"",""all_points_x"":[136,142,146,155,168,181,192,204,218,227,232,249,254,265,273,289,296,313,318,326,342,347,352,354,360,374,379,392,401,404,412,424,429,429,437,451,460,474,481,495,502,510,520,528,535,540,544,545,554,554,550,546,542,537,530,523,521,515,507,501,495,483,457,407,389,386,381,372,367,362,346,324,312,301,284,277,267,258,242,224,205,192,175,162,144,135],""all_points_y"":[245,245,245,238,238,238,233,228,223,222,220,222,220,211,209,197,192,190,188,182,185,185,182,182,184,187,181,182,183,186,183,183,189,193,195,193,189,183,180,184,188,192,200,205,208,218,225,232,244,251,255,262,270,278,288,292,298,305,306,307,313,315,316,324,318,322,327,327,325,328,328,328,324,327,324,318,313,317,319,314,310,298,295,294,290,285]}","{}"
0059_336_392_nelore_embrapa_20-08-2019_flag_.png,253213,"{}",1,0,"{""name"":""polygon"",""all_points_x"":[358,377,392,405,418,430,441,464,470,479,495,519,539,545,567,589,605,629,648,663,670,687,702,721,728,739,749,759,765,777,790,795,806,832,840,843,847,848,848,847,843,827,811,797,774,745,731,707,692,669,634,618,558,507,486,465,444,414,370,355],""all_points_y"":[209,207,202,192,171,165,163,165,168,163,162,162,162,165,162,160,160,162,162,168,170,172,170,166,160,158,163,168,173,173,180,183,173,185,193,205,219,255,267,287,295,305,309,312,313,315,318,314,310,312,295,291,299,292,282,277,276,275,262,247]}","{}"
0058_384_26_nelore_embrapa_24-09-2019_flag_.png,291353,"{}",1,0,"{""name"":""polygon"",""all_points_x"":[217,230,244,261,287,299,317,328,347,391,444,462,489,516,538,567,575,592,610,625,633,642,658,672,682,702,715,734,745,767,770,777,784,776,770,769,765,760,747,735,696,672,636,585,539,497,460,396,365,327,284,251,226,222],""all_points_y"":[187,180,180,176,165,166,156,152,150,150,147,142,141,142,143,150,155,153,146,149,158,158,164,172,177,174,171,172,177,193,199,201,237,243,246,262,273,283,290,300,312,312,312,315,315,312,307,288,284,281,267,255,243,243]}","{}"
0058_378_67_nelore_embrapa_08-10-2019_flag_.png,248834,"{}",1,0,"{""name"":""polygon"",""all_points_x"":[175,195,209,219,227,244,266,301,333,372,398,427,459,470,501,530,552,603,664,675,684,692,702,694,693,694,693,685,669,652,629,612,515,506,498,484,447,407,368,335,324,305,252,242,220,194,190],""all_points_y"":[201,189,181,180,171,169,160,155,152,149,146,148,147,152,150,138,131,135,155,165,172,190,207,225,227,234,247,260,273,288,297,299,298,296,298,302,303,297,288,282,279,280,280,273,272,273,275]}","{}"
0058_328_106_nelore_embrapa_21-05-2019_flag_.png,243618,"{}",1,0,"{""name"":""polygon"",""all_points_x"":[189,205,215,222,229,242,259,280,304,327,354,369,385,398,407,412,420,430,440,450,465,488,516,537,554,579,599,610,620,647,651,654,655,652,649,647,640,629,618,614,605,578,528,510,500,484,417,400,391,381,367,356,340,317,304,284,269,245,228,219,204,199],""all_points_y"":[172,167,156,152,150,150,152,149,147,145,146,143,141,141,141,142,141,140,137,135,133,135,135,144,150,152,156,162,165,184,197,210,238,245,248,258,272,282,285,288,298,300,303,295,296,294,297,295,288,287,283,280,273,275,275,268,263,255,247,238,237,236]}","{}"